{
    "aad": [
        {
            "GroupNumber": "1",
            "GroupName": "Legacy Authentication",
            "Controls": [
                {
                    "Id": "MS.AAD.1.1v1",
                    "Value": "Legacy authentication SHALL be blocked.",
                    "Deleted": false
                }
            ]
        },
        {
            "GroupNumber": "2",
            "GroupName": "Risk Based Policies",
            "Controls": [
                {
                    "Id": "MS.AAD.2.1v1",
                    "Value": "Users detected as high risk SHALL be blocked.",
                    "Deleted": false
                },
                {
                    "Id": "MS.AAD.2.2v1",
                    "Value": "A notification SHOULD be sent to the administrator when high-risk users are detected.",
                    "Deleted": false
                },
                {
                    "Id": "MS.AAD.2.3v1",
                    "Value": "Sign-ins detected as high risk SHALL be blocked.",
                    "Deleted": false
                }
            ]
        },
        {
            "GroupNumber": "3",
            "GroupName": "Strong Authentication and a Secure Registration Process",
            "Controls": [
                {
                    "Id": "MS.AAD.3.1v1",
                    "Value": "Phishing-resistant MFA SHALL be enforced for all users.",
                    "Deleted": false
                },
                {
                    "Id": "MS.AAD.3.2v1",
                    "Value": "If phishing-resistant MFA has not been enforced, an alternative MFA method SHALL be enforced for all users.",
                    "Deleted": false
                },
                {
                    "Id": "MS.AAD.3.3v1",
                    "Value": "If phishing-resistant MFA has not been enforced and Microsoft Authenticator is enabled, it SHALL be configured to show login context information.",
                    "Deleted": false
                },
                {
                    "Id": "MS.AAD.3.4v1",
                    "Value": "The Authentication Methods Manage Migration feature SHALL be set to Migration Complete.",
                    "Deleted": false
                },
                {
                    "Id": "MS.AAD.3.5v1",
                    "Value": "The authentication methods SMS, Voice Call, and Email One-Time Passcode (OTP) SHALL be disabled.",
                    "Deleted": false
                },
                {
                    "Id": "MS.AAD.3.6v1",
                    "Value": "Phishing-resistant MFA SHALL be required for highly privileged roles.",
                    "Deleted": false
                },
                {
                    "Id": "MS.AAD.3.7v1",
                    "Value": "Managed devices SHOULD be required for authentication.",
                    "Deleted": false
                },
                {
                    "Id": "MS.AAD.3.8v1",
                    "Value": "Managed Devices SHOULD be required to register MFA.",
                    "Deleted": false
                }
            ]
        },
        {
            "GroupNumber": "4",
            "GroupName": "Centralized Log Collection",
            "Controls": [
                {
                    "Id": "MS.AAD.4.1v1",
                    "Value": "Security logs SHALL be sent to the agency&#x27;s security operations center for monitoring.",
                    "Deleted": false
                }
            ]
        },
        {
            "GroupNumber": "5",
            "GroupName": "Application Registration and Consent",
            "Controls": [
                {
                    "Id": "MS.AAD.5.1v1",
                    "Value": "Only administrators SHALL be allowed to register applications.",
                    "Deleted": false
                },
                {
                    "Id": "MS.AAD.5.2v1",
                    "Value": "Only administrators SHALL be allowed to consent to applications.",
                    "Deleted": false
                },
                {
                    "Id": "MS.AAD.5.3v1",
                    "Value": "An admin consent workflow SHALL be configured for applications.",
                    "Deleted": false
                },
                {
                    "Id": "MS.AAD.5.4v1",
                    "Value": "Group owners SHALL NOT be allowed to consent to applications.",
                    "Deleted": false
                }
            ]
        },
        {
            "GroupNumber": "6",
            "GroupName": "Passwords",
            "Controls": [
                {
                    "Id": "MS.AAD.6.1v1",
                    "Value": "User passwords SHALL NOT expire.",
                    "Deleted": false
                }
            ]
        },
        {
            "GroupNumber": "7",
            "GroupName": "Highly Privileged User Access",
            "Controls": [
                {
                    "Id": "MS.AAD.7.1v1",
                    "Value": "A minimum of two users and a maximum of eight users SHALL be provisioned with the Global Administrator role.",
                    "Deleted": false
                },
                {
                    "Id": "MS.AAD.7.2v1",
                    "Value": "Privileged users SHALL be provisioned with finer-grained roles instead of Global Administrator.",
                    "Deleted": false
                },
                {
                    "Id": "MS.AAD.7.3v1",
                    "Value": "Privileged users SHALL be provisioned cloud-only accounts separate from an on-premises directory or other federated identity providers.",
                    "Deleted": false
                },
                {
                    "Id": "MS.AAD.7.4v1",
                    "Value": "Permanent active role assignments SHALL NOT be allowed for highly privileged roles.",
                    "Deleted": false
                },
                {
                    "Id": "MS.AAD.7.5v1",
                    "Value": "Provisioning users to highly privileged roles SHALL NOT occur outside of a PAM system.",
                    "Deleted": false
                },
                {
                    "Id": "MS.AAD.7.6v1",
                    "Value": "Activation of the Global Administrator role SHALL require approval.",
                    "Deleted": false
                },
                {
                    "Id": "MS.AAD.7.7v1",
                    "Value": "Eligible and Active highly privileged role assignments SHALL trigger an alert.",
                    "Deleted": false
                },
                {
                    "Id": "MS.AAD.7.8v1",
                    "Value": "User activation of the Global Administrator role SHALL trigger an alert.",
                    "Deleted": false
                },
                {
                    "Id": "MS.AAD.7.9v1",
                    "Value": "User activation of other highly privileged roles SHOULD trigger an alert.",
                    "Deleted": false
                }
            ]
        },
        {
            "GroupNumber": "8",
            "GroupName": "Guest User Access",
            "Controls": [
                {
                    "Id": "MS.AAD.8.1v1",
                    "Value": "Guest users SHOULD have limited or restricted access to Azure AD directory objects.",
                    "Deleted": false
                },
                {
                    "Id": "MS.AAD.8.2v1",
                    "Value": "Only users with the Guest Inviter role SHOULD be able to invite guest users.",
                    "Deleted": false
                },
                {
                    "Id": "MS.AAD.8.3v1",
                    "Value": "Guest invites SHOULD only be allowed to specific external domains that have been authorized by the agency for legitimate business purposes.",
                    "Deleted": false
                }
            ]
        }
    ],
    "defender": [
        {
            "GroupNumber": "1",
            "GroupName": "Preset Security Profiles",
            "Controls": [
                {
                    "Id": "MS.DEFENDER.1.1v1",
                    "Value": "The standard and strict preset security policies SHALL be enabled.",
                    "Deleted": false
                },
                {
                    "Id": "MS.DEFENDER.1.2v1",
                    "Value": "All users SHALL be added to Exchange Online Protection in either the standard or strict preset security policy.",
                    "Deleted": false
                },
                {
                    "Id": "MS.DEFENDER.1.3v1",
                    "Value": "All users SHALL be added to Defender for Office 365 protection in either the standard or strict preset security policy.",
                    "Deleted": false
                },
                {
                    "Id": "MS.DEFENDER.1.4v1",
                    "Value": "Sensitive accounts SHALL be added to Exchange Online Protection in the strict preset security policy.",
                    "Deleted": false
                },
                {
                    "Id": "MS.DEFENDER.1.5v1",
                    "Value": "Sensitive accounts SHALL be added to Defender for Office 365 protection in the strict preset security policy.",
                    "Deleted": false
                }
            ]
        },
        {
            "GroupNumber": "2",
            "GroupName": "Impersonation Protection",
            "Controls": [
                {
                    "Id": "MS.DEFENDER.2.1v1",
                    "Value": "User impersonation protection SHOULD be enabled for sensitive accounts in both the standard and strict preset policies.",
                    "Deleted": false
                },
                {
                    "Id": "MS.DEFENDER.2.2v1",
                    "Value": "Domain impersonation protection SHOULD be enabled for domains owned by the agency in both the standard and strict preset policies.",
                    "Deleted": false
                },
                {
                    "Id": "MS.DEFENDER.2.3v1",
                    "Value": "Domain impersonation protection SHOULD be added for important partners in both the standard and strict preset policies.",
                    "Deleted": false
                }
            ]
        },
        {
            "GroupNumber": "3",
            "GroupName": "Safe Attachments",
            "Controls": [
                {
                    "Id": "MS.DEFENDER.3.1v1",
                    "Value": "Safe attachments SHOULD be enabled for SharePoint, OneDrive, and Microsoft Teams.",
                    "Deleted": false
                }
            ]
        },
        {
            "GroupNumber": "4",
            "GroupName": "Data Loss Prevention",
            "Controls": [
                {
                    "Id": "MS.DEFENDER.4.1v1",
                    "Value": "A custom policy SHALL be configured to protect PII and sensitive information, as defined by the agency. At a minimum, credit card numbers, U.S. Individual Taxpayer Identification Numbers (ITIN), and U.S. Social Security numbers (SSN) SHALL be blocked.",
                    "Deleted": false
                },
                {
                    "Id": "MS.DEFENDER.4.2v1",
                    "Value": "The custom policy SHOULD be applied to Exchange, OneDrive, SharePoint, Teams chat, and Devices.",
                    "Deleted": false
                },
                {
                    "Id": "MS.DEFENDER.4.3v1",
                    "Value": "The action for the custom policy SHOULD be set to block sharing sensitive information with everyone.",
                    "Deleted": false
                },
                {
                    "Id": "MS.DEFENDER.4.4v1",
                    "Value": "Notifications to inform users and help educate them on the proper use of sensitive information SHOULD be enabled in the custom policy.",
                    "Deleted": false
                },
                {
                    "Id": "MS.DEFENDER.4.5v1",
                    "Value": "A list of apps that are restricted from accessing files protected by DLP policy SHOULD be defined.",
                    "Deleted": false
                },
                {
                    "Id": "MS.DEFENDER.4.6v1",
                    "Value": "The custom policy SHOULD include an action to block access to sensitive information by restricted apps and unwanted Bluetooth applications.",
                    "Deleted": false
                }
            ]
        },
        {
            "GroupNumber": "5",
            "GroupName": "Alerts",
            "Controls": [
                {
                    "Id": "MS.DEFENDER.5.1v1",
                    "Value": "At a minimum, the alerts required by the CISA M365 Security Configuration Baseline for Exchange Online SHALL be enabled.",
                    "Deleted": false
                },
                {
                    "Id": "MS.DEFENDER.5.2v1",
                    "Value": "The alerts SHOULD be sent to a monitored address or incorporated into a SIEM.",
                    "Deleted": false
                }
            ]
        },
        {
            "GroupNumber": "6",
            "GroupName": "Audit Logging",
            "Controls": [
                {
                    "Id": "MS.DEFENDER.6.1v1",
                    "Value": "Microsoft Purview Audit (Standard) logging SHALL be enabled.",
                    "Deleted": false
                },
                {
                    "Id": "MS.DEFENDER.6.2v1",
                    "Value": "Microsoft Purview Audit (Premium) logging SHALL be enabled for ALL users.",
                    "Deleted": false
                },
                {
                    "Id": "MS.DEFENDER.6.3v1",
                    "Value": "Audit logs SHALL be maintained for at least the minimum duration dictated by OMB M-21-31.",
                    "Deleted": false
                }
            ]
        }
    ],
    "exo": [
        {
            "GroupNumber": "1",
            "GroupName": "Automatic Forwarding to External Domains",
            "Controls": [
                {
                    "Id": "MS.EXO.1.1v1",
                    "Value": "Automatic forwarding to external domains SHALL be disabled.",
                    "Deleted": false
                }
            ]
        },
        {
            "GroupNumber": "2",
            "GroupName": "Sender Policy Framework",
            "Controls": [
                {
                    "Id": "MS.EXO.2.1v1",
                    "Value": "A list of approved IP addresses for sending mail SHALL be maintained.",
                    "Deleted": false
                },
                {
                    "Id": "MS.EXO.2.2v1",
                    "Value": "An SPF policy SHALL be published for each domain, designating only these addresses as approved senders.",
                    "Deleted": false
                }
            ]
        },
        {
            "GroupNumber": "3",
            "GroupName": "DomainKeys Identified Mail",
            "Controls": [
                {
                    "Id": "MS.EXO.3.1v1",
                    "Value": "DKIM SHOULD be enabled for all domains.",
                    "Deleted": false
                }
            ]
        },
        {
            "GroupNumber": "4",
            "GroupName": "Domain-Based Message Authentication, Reporting, and Conformance (DMARC)",
            "Controls": [
                {
                    "Id": "MS.EXO.4.1v1",
                    "Value": "A DMARC policy SHALL be published for every second-level domain.",
                    "Deleted": false
                },
                {
                    "Id": "MS.EXO.4.2v1",
                    "Value": "The DMARC message rejection option SHALL be p=reject.",
                    "Deleted": false
                },
                {
                    "Id": "MS.EXO.4.3v1",
                    "Value": "The DMARC point of contact for aggregate reports SHALL include `reports@dmarc.cyber.dhs.gov`.",
                    "Deleted": false
                },
                {
                    "Id": "MS.EXO.4.4v1",
                    "Value": "An agency point of contact SHOULD be included for aggregate and failure reports.",
                    "Deleted": false
                }
            ]
        },
        {
            "GroupNumber": "5",
            "GroupName": "Simple Mail Transfer Protocol Authentication",
            "Controls": [
                {
                    "Id": "MS.EXO.5.1v1",
                    "Value": "SMTP AUTH SHALL be disabled.",
                    "Deleted": false
                }
            ]
        },
        {
            "GroupNumber": "6",
            "GroupName": "Calendar and Contact Sharing",
            "Controls": [
                {
                    "Id": "MS.EXO.6.1v1",
                    "Value": "Contact folders SHALL NOT be shared with all domains.",
                    "Deleted": false
                },
                {
                    "Id": "MS.EXO.6.2v1",
                    "Value": "Calendar details SHALL NOT be shared with all domains.",
                    "Deleted": false
                }
            ]
        },
        {
            "GroupNumber": "7",
            "GroupName": "External Sender Warnings",
            "Controls": [
                {
                    "Id": "MS.EXO.7.1v1",
                    "Value": "External sender warnings SHALL be implemented.",
                    "Deleted": false
                }
            ]
        },
        {
            "GroupNumber": "8",
            "GroupName": "Data Loss Prevention Solutions",
            "Controls": [
                {
                    "Id": "MS.EXO.8.1v2",
                    "Value": "A DLP solution SHALL be used.",
                    "Deleted": false
                },
                {
                    "Id": "MS.EXO.8.2v2",
                    "Value": "The DLP solution SHALL protect personally identifiable information (PII) and sensitive information, as defined by the agency.",
                    "Deleted": false
                },
                {
                    "Id": "MS.EXO.8.3v1",
                    "Value": "The selected DLP solution SHOULD offer services comparable to the native DLP solution offered by Microsoft.",
                    "Deleted": false
                },
                {
                    "Id": "MS.EXO.8.4v1",
                    "Value": "At a minimum, the DLP solution SHALL restrict sharing credit card numbers, U.S. Individual Taxpayer Identification Numbers (ITIN), and U.S. Social Security numbers (SSN) via email.",
                    "Deleted": false
                }
            ]
        },
        {
            "GroupNumber": "9",
            "GroupName": "Attachment File Type",
            "Controls": [
                {
                    "Id": "MS.EXO.9.1v2",
                    "Value": "Emails SHALL be filtered by attachment file types.",
                    "Deleted": false
                },
                {
                    "Id": "MS.EXO.9.2v1",
                    "Value": "The attachment filter SHOULD attempt to determine the true file type and assess the file extension.",
                    "Deleted": false
                },
                {
                    "Id": "MS.EXO.9.3v2",
                    "Value": "Disallowed file types SHALL be determined and enforced.",
                    "Deleted": false
                },
                {
                    "Id": "MS.EXO.9.4v1",
                    "Value": "Alternatively chosen filtering solutions SHOULD offer services comparable to Microsoft Defender&#x27;s Common Attachment Filter.",
                    "Deleted": false
                },
                {
                    "Id": "MS.EXO.9.5v1",
                    "Value": "At a minimum, click-to-run files SHOULD be blocked (e.g., .exe, .cmd, and .vbe).",
                    "Deleted": false
                }
            ]
        },
        {
            "GroupNumber": "10",
            "GroupName": "Malware Scanning",
            "Controls": [
                {
                    "Id": "MS.EXO.10.1v1",
                    "Value": "Emails SHALL be scanned for malware.",
                    "Deleted": false
                },
                {
                    "Id": "MS.EXO.10.2v1",
                    "Value": "Emails identified as containing malware SHALL be quarantined or dropped.",
                    "Deleted": false
                },
                {
                    "Id": "MS.EXO.10.3v1",
                    "Value": "Email scanning SHALL be capable of reviewing emails after delivery.",
                    "Deleted": false
                }
            ]
        },
        {
            "GroupNumber": "11",
            "GroupName": "Phishing Protections",
            "Controls": [
                {
                    "Id": "MS.EXO.11.1v1",
                    "Value": "Impersonation protection checks SHOULD be used.",
                    "Deleted": false
                },
                {
                    "Id": "MS.EXO.11.2v1",
                    "Value": "User warnings, comparable to the user safety tips included with EOP, SHOULD be displayed.",
                    "Deleted": false
                },
                {
                    "Id": "MS.EXO.11.3v1",
                    "Value": "The phishing protection solution SHOULD include an AI-based phishing detection tool comparable to EOP Mailbox Intelligence.",
                    "Deleted": false
                }
            ]
        },
        {
            "GroupNumber": "12",
            "GroupName": "IP Allow Lists",
            "Controls": [
                {
                    "Id": "MS.EXO.12.1v1",
                    "Value": "IP allow lists SHOULD NOT be created.",
                    "Deleted": false
                },
                {
                    "Id": "MS.EXO.12.2v1",
                    "Value": "Safe lists SHOULD NOT be enabled.",
                    "Deleted": false
                }
            ]
        },
        {
            "GroupNumber": "13",
            "GroupName": "Mailbox Auditing",
            "Controls": [
                {
                    "Id": "MS.EXO.13.1v1",
                    "Value": "Mailbox auditing SHALL be enabled.",
                    "Deleted": false
                }
            ]
        },
        {
            "GroupNumber": "14",
            "GroupName": "Inbound Anti-Spam Protections",
            "Controls": [
                {
                    "Id": "MS.EXO.14.1v2",
                    "Value": "A spam filter SHALL be enabled.",
                    "Deleted": false
                },
                {
                    "Id": "MS.EXO.14.2v1",
                    "Value": "Spam and high confidence spam SHALL be moved to either the junk email folder or the quarantine folder.",
                    "Deleted": false
                },
                {
                    "Id": "MS.EXO.14.3v1",
                    "Value": "Allowed domains SHALL NOT be added to inbound anti-spam protection policies.",
                    "Deleted": false
                },
                {
                    "Id": "MS.EXO.14.4v1",
                    "Value": "If a third-party party filtering solution is used, the solution SHOULD offer services comparable to the native spam filtering offered by Microsoft.",
                    "Deleted": false
                }
            ]
        },
        {
            "GroupNumber": "15",
            "GroupName": "Link Protection",
            "Controls": [
                {
                    "Id": "MS.EXO.15.1v1",
                    "Value": "URL comparison with a block-list SHOULD be enabled.",
                    "Deleted": false
                },
                {
                    "Id": "MS.EXO.15.2v1",
                    "Value": "Direct download links SHOULD be scanned for malware.",
                    "Deleted": false
                },
                {
                    "Id": "MS.EXO.15.3v1",
                    "Value": "User click tracking SHOULD be enabled.",
                    "Deleted": false
                }
            ]
        },
        {
            "GroupNumber": "16",
            "GroupName": "Alerts",
            "Controls": [
                {
                    "Id": "MS.EXO.16.1v1",
                    "Value": "At a minimum, the following alerts SHALL be enabled:",
                    "Deleted": false
                },
                {
                    "Id": "MS.EXO.16.2v1",
                    "Value": "The alerts SHOULD be sent to a monitored address or incorporated into a security information and event management (SIEM) system.",
                    "Deleted": false
                }
            ]
        },
        {
            "GroupNumber": "17",
            "GroupName": "Audit Logging",
            "Controls": [
                {
                    "Id": "MS.EXO.17.1v1",
                    "Value": "Microsoft Purview Audit (Standard) logging SHALL be enabled.",
                    "Deleted": false
                },
                {
                    "Id": "MS.EXO.17.2v1",
                    "Value": "Microsoft Purview Audit (Premium) logging SHALL be enabled.",
                    "Deleted": false
                },
                {
                    "Id": "MS.EXO.17.3v1",
                    "Value": "Audit logs SHALL be maintained for at least the minimum duration dictated by OMB M-21-31 (Appendix C).",
                    "Deleted": false
                }
            ]
        }
    ],
    "powerbi": [
        {
            "GroupNumber": "1",
            "GroupName": "Publish to Web",
            "Controls": [
                {
                    "Id": "MS.POWERBI.1.1v1",
                    "Value": "The Publish to Web feature SHOULD be disabled unless the agency mission requires the capability.",
                    "Deleted": false
                }
            ]
        },
        {
            "GroupNumber": "2",
            "GroupName": "Power BI Guest Access",
            "Controls": [
                {
                    "Id": "MS.POWERBI.2.1v1",
                    "Value": "Guest user access to the Power BI tenant SHOULD be disabled unless the agency mission requires the capability.",
                    "Deleted": false
                }
            ]
        },
        {
            "GroupNumber": "3",
            "GroupName": "Power BI External Invitations",
            "Controls": [
                {
                    "Id": "MS.POWERBI.3.1v1",
                    "Value": "The Invite external users to your organization feature SHOULD be disabled unless agency mission requires the capability.",
                    "Deleted": false
                }
            ]
        },
        {
            "GroupNumber": "4",
            "GroupName": "Power BI Service Principals",
            "Controls": [
                {
                    "Id": "MS.POWERBI.4.1v1",
                    "Value": "Service principals with access to APIs SHOULD be restricted to specific security groups.",
                    "Deleted": false
                },
                {
                    "Id": "MS.POWERBI.4.2v1",
                    "Value": "Service principals creating and using profiles SHOULD be restricted to specific security groups.",
                    "Deleted": false
                }
            ]
        },
        {
            "GroupNumber": "5",
            "GroupName": "Power BI ResourceKey Authentication",
            "Controls": [
                {
                    "Id": "MS.POWERBI.5.1v1",
                    "Value": "ResourceKey-based authentication SHOULD be blocked unless a specific use case (e.g., streaming and/or PUSH datasets) merits its use.",
                    "Deleted": false
                }
            ]
        },
        {
            "GroupNumber": "6",
            "GroupName": "Python and R Visual Sharing",
            "Controls": [
                {
                    "Id": "MS.POWERBI.6.1v1",
                    "Value": "Python and R interactions SHOULD be disabled.",
                    "Deleted": false
                }
            ]
        },
        {
            "GroupNumber": "7",
            "GroupName": "Power BI Sensitive Data",
            "Controls": [
                {
                    "Id": "MS.POWERBI.7.1v1",
                    "Value": "Sensitivity labels SHOULD be enabled for Power BI and employed for sensitive data per enterprise data protection policies.",
                    "Deleted": false
                }
            ]
        }
    ],
    "powerplatform": [
        {
            "GroupNumber": "1",
            "GroupName": "Creation of Power Platform Environments",
            "Controls": [
                {
                    "Id": "MS.POWERPLATFORM.1.1v1",
                    "Value": "The ability to create production and sandbox environments SHALL be restricted to admins.",
                    "Deleted": false
                },
                {
                    "Id": "MS.POWERPLATFORM.1.2v1",
                    "Value": "The ability to create trial environments SHALL be restricted to admins.",
                    "Deleted": false
                }
            ]
        },
        {
            "GroupNumber": "2",
            "GroupName": "Power Platform Data Loss Prevention Policies",
            "Controls": [
                {
                    "Id": "MS.POWERPLATFORM.2.1v1",
                    "Value": "A DLP policy SHALL be created to restrict connector access in the default Power Platform environment.",
                    "Deleted": false
                },
                {
                    "Id": "MS.POWERPLATFORM.2.2v1",
                    "Value": "Non-default environments SHOULD have at least one DLP policy affecting them.",
                    "Deleted": false
                }
            ]
        },
        {
            "GroupNumber": "3",
            "GroupName": "Power Platform Tenant Isolation",
            "Controls": [
                {
                    "Id": "MS.POWERPLATFORM.3.1v1",
                    "Value": "Power Platform tenant isolation SHALL be enabled.",
                    "Deleted": false
                },
                {
                    "Id": "MS.POWERPLATFORM.3.2v1",
                    "Value": "An inbound/outbound connection allowlist SHOULD be configured.",
                    "Deleted": false
                }
            ]
        },
        {
            "GroupNumber": "4",
            "GroupName": "Power Apps Content Security Policy",
            "Controls": [
                {
                    "Id": "MS.POWERPLATFORM.4.1v1",
                    "Value": "Content Security Policy SHALL be enforced for model-driven and canvas Power Apps.",
                    "Deleted": false
                }
            ]
        },
        {
            "GroupNumber": "5",
            "GroupName": "Power Pages Creation",
            "Controls": [
                {
                    "Id": "MS.POWERPLATFORM.5.1v1",
                    "Value": "The ability to create Power Pages sites SHOULD be restricted to admins.",
                    "Deleted": false
                }
            ]
        }
    ],
    "sharepoint": [
        {
            "GroupNumber": "1",
            "GroupName": "External Sharing",
            "Controls": [
                {
                    "Id": "MS.SHAREPOINT.1.1v1",
                    "Value": "External sharing for SharePoint SHALL be limited to Existing guests or Only People in your organization.",
                    "Deleted": false
                },
                {
                    "Id": "MS.SHAREPOINT.1.2v1",
                    "Value": "External sharing for OneDrive SHALL be limited to Existing guests or Only People in your organization.",
                    "Deleted": false
                },
                {
                    "Id": "MS.SHAREPOINT.1.3v1",
                    "Value": "External sharing SHALL be restricted to approved external domains and/or users in approved security groups per interagency collaboration needs.",
                    "Deleted": false
                },
                {
                    "Id": "MS.SHAREPOINT.1.4v1",
                    "Value": "Guest access SHALL be limited to the email the invitation was sent to.",
                    "Deleted": false
                }
            ]
        },
        {
            "GroupNumber": "2",
            "GroupName": "File and Folder Default Sharing Settings",
            "Controls": [
                {
                    "Id": "MS.SHAREPOINT.2.1v1",
                    "Value": "File and folder default sharing scope SHALL be set to Specific people (only the people the user specifies).",
                    "Deleted": false
                },
                {
                    "Id": "MS.SHAREPOINT.2.2v1",
                    "Value": "File and folder default sharing permissions SHALL be set to View.",
                    "Deleted": false
                }
            ]
        },
        {
            "GroupNumber": "3",
            "GroupName": "Securing Anyone Links and Verification Code Users",
            "Controls": [
                {
                    "Id": "MS.SHAREPOINT.3.1v1",
                    "Value": "Expiration days for Anyone links SHALL be set to 30 days or less.",
                    "Deleted": false
                },
                {
                    "Id": "MS.SHAREPOINT.3.2v1",
                    "Value": "The allowable file and folder permissions for links SHALL be set to View only.",
                    "Deleted": false
                },
                {
                    "Id": "MS.SHAREPOINT.3.3v1",
                    "Value": "Reauthentication days for people who use a verification code SHALL be set to 30 days or less.",
                    "Deleted": false
                }
            ]
        },
        {
            "GroupNumber": "4",
            "GroupName": "Custom Scripts",
            "Controls": [
                {
                    "Id": "MS.SHAREPOINT.4.1v1",
                    "Value": "Users SHALL be prevented from running custom scripts on personal sites (aka OneDrive).",
                    "Deleted": false
                },
                {
                    "Id": "MS.SHAREPOINT.4.2v1",
                    "Value": "Users SHALL be prevented from running custom scripts on self-service created sites.",
                    "Deleted": false
                }
            ]
        }
    ],
    "teams": [
        {
            "GroupNumber": "1",
            "GroupName": "Meeting Policies",
            "Controls": [
                {
                    "Id": "MS.TEAMS.1.1v1",
                    "Value": "External meeting participants SHOULD NOT be enabled to request control of shared desktops or windows.",
                    "Deleted": false
                },
                {
                    "Id": "MS.TEAMS.1.2v1",
                    "Value": "Anonymous users SHALL NOT be enabled to start meetings.",
                    "Deleted": false
                },
                {
                    "Id": "MS.TEAMS.1.3v1",
                    "Value": "Anonymous users and dial-in callers SHOULD NOT be admitted automatically.",
                    "Deleted": false
                },
                {
                    "Id": "MS.TEAMS.1.4v1",
                    "Value": "Internal users SHOULD be admitted automatically.",
                    "Deleted": false
                },
                {
                    "Id": "MS.TEAMS.1.5v1",
                    "Value": "Dial-in users SHOULD NOT be enabled to bypass the lobby.",
                    "Deleted": false
                },
                {
                    "Id": "MS.TEAMS.1.6v1",
                    "Value": "Meeting recording SHOULD be disabled.",
                    "Deleted": false
                },
                {
                    "Id": "MS.TEAMS.1.7v1",
                    "Value": "Record an event SHOULD be set to Organizer can record.",
                    "Deleted": false
                }
            ]
        },
        {
            "GroupNumber": "2",
            "GroupName": "External User Access",
            "Controls": [
                {
                    "Id": "MS.TEAMS.2.1v1",
                    "Value": "External access for users SHALL only be enabled on a per-domain basis.",
                    "Deleted": false
                },
                {
                    "Id": "MS.TEAMS.2.2v1",
                    "Value": "Unmanaged users SHALL NOT be enabled to initiate contact with internal users.",
                    "Deleted": false
                },
                {
                    "Id": "MS.TEAMS.2.3v1",
                    "Value": "Internal users SHOULD NOT be enabled to initiate contact with unmanaged users.",
                    "Deleted": false
                }
            ]
        },
        {
            "GroupNumber": "3",
            "GroupName": "Skype Users",
            "Controls": [
                {
                    "Id": "MS.TEAMS.3.1v1",
                    "Value": "Contact with Skype users SHALL be blocked.",
                    "Deleted": false
                }
            ]
        },
        {
            "GroupNumber": "4",
            "GroupName": "Teams Email Integration",
            "Controls": [
                {
                    "Id": "MS.TEAMS.4.1v1",
                    "Value": "Teams email integration SHALL be disabled.",
                    "Deleted": false
                }
            ]
        },
        {
            "GroupNumber": "5",
            "GroupName": "App Management",
            "Controls": [
                {
                    "Id": "MS.TEAMS.5.1v1",
                    "Value": "Agencies SHOULD only allow installation of Microsoft apps approved by the agency.",
                    "Deleted": false
                },
                {
                    "Id": "MS.TEAMS.5.2v1",
                    "Value": "Agencies SHOULD only allow installation of third-party apps approved by the agency.",
                    "Deleted": false
                },
                {
                    "Id": "MS.TEAMS.5.3v1",
                    "Value": "Agencies SHOULD only allow installation of custom apps approved by the agency.",
                    "Deleted": false
                }
            ]
        },
        {
            "GroupNumber": "6",
            "GroupName": "Data Loss Prevention",
            "Controls": [
                {
                    "Id": "MS.TEAMS.6.1v1",
                    "Value": "A DLP solution SHALL be enabled. The selected DLP solution SHOULD offer services comparable to the native DLP solution offered by Microsoft.",
                    "Deleted": false
                },
                {
                    "Id": "MS.TEAMS.6.2v1",
                    "Value": "The DLP solution SHALL protect personally identifiable information (PII) and sensitive information, as defined by the agency. At a minimum, sharing of credit card numbers, taxpayer identification numbers (TINs), and Social Security numbers (SSNs) via email SHALL be restricted.",
                    "Deleted": false
                }
            ]
        },
        {
            "GroupNumber": "7",
            "GroupName": "Malware Scanning",
            "Controls": [
                {
                    "Id": "MS.TEAMS.7.1v1",
                    "Value": "Attachments included with Teams messages SHOULD be scanned for malware.",
                    "Deleted": false
                },
                {
                    "Id": "MS.TEAMS.7.2v1",
                    "Value": "Users SHOULD be prevented from opening or downloading files detected as malware.",
                    "Deleted": false
                }
            ]
        },
        {
            "GroupNumber": "8",
            "GroupName": "Link Protection",
            "Controls": [
                {
                    "Id": "MS.TEAMS.8.1v1",
                    "Value": "URL comparison with a blocklist SHOULD be enabled.",
                    "Deleted": false
                },
                {
                    "Id": "MS.TEAMS.8.2v1",
                    "Value": "User click tracking SHOULD be enabled.",
                    "Deleted": false
                }
            ]
        }
    ]
}